{"cameraMode":{"drawMode":0,"name":"Shaded","section":"Shading Mode"},"sceneLighting":true,"audioPlay":false,"sceneViewState":{"m_AlwaysRefresh":false,"showFog":false,"showSkybox":false,"showFlares":false,"showImageEffects":false,"showParticleSystems":false,"showVisualEffectGraphs":false,"m_FxEnabled":true},"in2DMode":false,"pivot":{"x":14.189350128173829,"y":1.3772284984588624,"z":-9.68057918548584},"rotation":{"x":-0.030934186652302743,"y":0.45803824067115786,"z":-0.015947524458169938,"w":-0.8882564306259155},"size":4.4633893966674809,"orthographic":false}