{"cameraMode":{"drawMode":0,"name":"Shaded","section":"Shading Mode"},"sceneLighting":false,"audioPlay":false,"sceneViewState":{"m_AlwaysRefresh":false,"showFog":true,"showSkybox":false,"showFlares":true,"showImageEffects":true,"showParticleSystems":true,"showVisualEffectGraphs":true,"m_FxEnabled":true},"in2DMode":false,"pivot":{"x":0.353442907333374,"y":0.857546329498291,"z":0.11525881290435791},"rotation":{"x":-0.08709532767534256,"y":0.9003872275352478,"z":-0.21206392347812653,"w":-0.3697919249534607},"size":1.5016685724258423,"orthographic":false}